languagekey,en_value (current),hi_translated,hi_transliterated,hi_value(curated),ta_translated,ta_transliterated,ta_value (curated)
en.common.karmayogiBharat,Karmayogi Bharat,,,,,,
en.common.hubs,Hubs,,,,,,
en.common.learn,Learn,,,,,,
en.common.discuss,Discuss,,,,,,
en.common.network,Network,,,,,,
en.common.career,Career,,,,,,
en.common.competencies,Competencies,,,,,,
en.common.events,Events,,,,,,
en.common.seeAll,See all,,,,,,
en.common.mdoPortal,MDO Portal,,,,,,
en.common.cbpPortal,CBP Portal,,,,,,
en.common.cbcPortal,CBC Portal,,,,,,
en.common.spvPortal,SPV Portal,,,,,,
en.common.fracDictionary,Frac Dictionary,,,,,,
en.common.more,more,,,,,,
en.common.knowledgeResources,knowledge Resources,,,,,,
en.common.dashboard,Dashboard,,,,,,
en.common.settings,Settings,,,,,,
en.common.lastAdded,Last added,,,,,,
en.common.sortByName,Sort By Name,,,,,,
en.common.connections,connections,,,,,,
en.common.connection,connection,,,,,,
en.common.All,All,,,,,,
en.common.search,Search,,,,,,
en.common.missionKarmyogi,Mission Karmayogi,,,,,,
en.common.accountAndAccess,Account and access,,,,,,
en.common.igotMarketplace,iGOT Marketplace,,,,,,
en.common.contentProvider,Content provider,,,,,,
en.common.fracing,FRACing,,,,,,
en.common.register,Register,,,,,,
en.common.or,or,,,,,,
en.common.signIn,Sign In,,,,,,
en.common.update,Update,,,,,,
en.common.showAll,Show all,,,,,,
en.msg.noEvent,No Event,,,,,,
en.msg.successfullyEnrolled,Successfully enrolled,,,,,,
en.msg.failed,Failed,,,,,,
en.msg.yourActionIsSuccessful,Your action is successful,,,,,,
en.msg.noSearchResultFound,No search results found!,,,,,,
en.msg.noUserFound,No users found!,,,,,,
en.msg.showAll,Show All,,,,,,
en.msg.peopleYouMayKnow,People you may know,,,,,,
en.msg.seeMore,See More,,,,,,
en.msg.noConnectionFound,No connection found,,,,,,
en.msg.searchResult,Search Results !,,,,,,
en.msg.moRecommUser,No recommended users!,,,,,,
en.msg.noOpeningFound,No Opening found,,,,,,
en.msg.noCompetenciesFound,No competencies found,,,,,,
en.msg.findCompetenciesToAddFrom,Find competencies to add from,,,,,,
en.msg.allCompetencies,All competencies,,,,,,
en.msg.notEnoughData,Not enough data,,,,,,
en.msg.notFound,Not Found,,,,,,
en.msg.cbcPortal,CBC Portal,,,,,,
en.msg.spvPortal,SPV Portal,,,,,,
en.msg.fracDictionary,फ्रैक डिक्शनरी,,,,,,
en.msg.more,more,,,,,,
en.msg.knowledgeResources,knowledge Resources,,,,,,
en.msg.dashboard,Dashboard,,,,,,
en.msg.settings,Settings,,,,,,
en.msg.noDataFound,No data found!,,,,,,
en.appnavbar.searchforLearningContents,Search for learning contents,,,,,,
en.toprightnavbar.downloadApp,Download App,,,,,,
en.toprightnavbar.font,Font,,,,,,
en.toprightnavbar.needHelp,Need Help,,,,,,
en.toprightnavbar.profile,Profile,,,,,,
en.btnpageback.home,Home,,,,,,
en.btnpageback.hubs,Hubs,,,,,,
en.btnpageback.noHubs,No hubs Info Available,,,,,,
en.btnpageback.doMore,Do more,,,,,,
en.btnpageback.knowledgeResources,Knowledge resources,,,,,,
en.btnpageback.knowledgeResourcesSubtitle,"Find the latest policies, circulars and all available knowledge resources.",,,,,,
en.btnpageback.dashboard,Dashboard,,,,,,
en.btnpageback.dashboardSubtitle,All your data represented as simple visualizations.,,,,,,
en.btnpageback.settings,Settings,,,,,,
en.btnpageback.settingSubtitle,Manage all your preferences hessssre,,,,,,
en.btnpageback.interests,Interests,,,,,,
en.btnpageback.interestsSubtitle,Manage topics of your interest and personalize your experience,,,,,,
en.btnpageback.quickLinks,Quick links,,,,,,
en.cardshublist.more,More,,,,,,
en.cardshublist.nohubsinfoavailable,No hubs Info Available,,,,,,
en.cardshublist.domore,Do more,,,,,,
en.cardshublist.knowledgeresources,Knowledge resources,,,,,,
en.cardshublist.knowledgeresourcesSubtitle,"Find the latest policies, circulars and all available knowledge resources.",,,,,,
en.cardshublist.dashboard,Dashboard,,,,,,
en.cardshublist.dashboardSubtitle,All your data represented as simple visualizations.,,,,,,
en.cardshublist.settings,Settings,,,,,,
en.cardshublist.settingSubtitle,Manage all your preferences hessssre,,,,,,
en.cardshublist.quicklinks,Quick links,,,,,,
en.cardshublist.CBCPortaldesc,Capacity Building Commission,,,,,,
en.cardshublist.CBPPortaldesc,Create and manage CBPs here,,,,,,
en.cardshublist.MDOPortaldesc,"Manage MDO user access, work orders and events",,,,,,
en.cardshublist.FracDictionarydesc,"The dictionary of framework of roles, activities and competencies.",,,,,,
en.cardshublist.SPVPortaldesc,Create and manage MDOs,,,,,,
en.footer.hubs,Hubs,,,,,,
en.footer.relatedLinks,Related Links,,,,,,
en.footer.support,Support,,,,,,
en.footer.aboutUs,About us,,,,,,
en.footer.frequentlyAskedQuestions,Frequently asked questions,,,,,,
en.footer.contactUs,Contact Us,,,,,,
en.footer.copyright,Copyright,,,,,,
en.platformrating.howLikelyRecommend,How likely are you to recommend iGOT Karmayogi to your colleagues?,,,,,,
en.platformrating.notLikely,Not likely,,,,,,
en.platformrating.extremelyLikely,Extremely likely,,,,,,
en.platformrating.submit,Submit,,,,,,
en.platformrating.thanksForFeedback,Thanks for the feedback. We are committed to consistently enhancing your learning experience.,,,,,,
en.footercardnotify.forPersonalizedLearning,For a personalized learning experience,,,,,,
en.footercardnotify.selectYourInterests,Select your interests,,,,,,
en.learn.btnExplorebyCompetency,Explore by competency,,,,,,
en.learn.btnExplorebyProvider,Explore by provider,,,,,,
en.learn.btnCuratedCollections,Curated collections,,,,,,
en.learn.btnModeratedCourses,Moderated courses,,,,,,
en.contentstripmultiple.continueLearning,Continue Learning,,,,,,
en.contentstripmultiple.blendedPrograms,Blended Programs,,,,,,
en.contentstripmultiple.curatedPrograms,Curated Programs,,,,,,
en.contentstripmultiple.featuredCourses,Featured courses,,,,,,
en.contentstripmultiple.standaloneAssessment,Standalone Assessment,,,,,,
en.contentstripmultiple.recentlyAdded,Recently added,,,,,,
en.contentstripmultiple.exploreAll,Explore all,,,,,,
en.contentstripmultiple.seeall,See all,,,,,,
en.contentstripmultiple.contentNotAvailable,Content not available,,,,,,
en.contentstripmultiple.tryDifferentKeywords,Please try different keywords or change the search query.,,,,,,
en.contentstripmultiple.info,info,,,,,,
en.contentstripmultiple.showAll,Show all,,,,,,
en.cardcontentv2.viewDetails,View details,,,,,,
en.cardcontentv2.mostEnrolled,Most enrolled,,,,,,
en.cardcontentv2.mostTrending,Most trending,,,,,,
en.cardcontentv2.by,By,,,,,,
en.cardcontentv2.askedBy,Asked by,,,,,,
en.cardcontentv2.reason,Reason,,,,,,
en.cardcontentv2.newlyAdded,Newly Added,,,,,,
en.cardcontentv2.hoursAgo,hours ago,,,,,,
en.cardcontentv2.noviews,No views,,,,,,
en.cardcontentv2.resume,Resume,,,,,,
en.allproviderscomponent.popularProviders,Popular providers,,,,,,
en.allproviderscomponent.noProvidersFound,No providers found!,,,,,,
en.allproviderscomponent.allProviders,All providers,,,,,,
en.allproviderscomponent.sortBy,Sort by,,,,,,
en.allproviderscomponent.ascending,Ascending,,,,,,
en.allproviderscomponent.descending,Descending,,,,,,
en.allproviderscomponent.search,Search,,,,,,
en.allcompetencies.popularCompetencies,Popular competencies,,,,,,
en.allcompetencies.nocompetenciesfound,No competencies found!,,,,,,
en.allcompetencies.allCompetencies,All competencies,,,,,,
en.allcompetencies.sortBy,Sort by,,,,,,
en.allcompetencies.ascending,Ascending,,,,,,
en.allcompetencies.descending,Descending,,,,,,
en.allcompetencies.search,Search,,,,,,
en.competencydetails.competencyType,Competency type:,,,,,,
en.competencydetails.competencyArea:,Competency area:,,,,,,
en.competencydetails.allCbps,All associated CBPs,,,,,,
en.competencydetails.cbpsFor,CBPs for,,,,,,
en.competencydetails.noCbps,No CBPs found!,,,,,,
en.competencydetails.filterBy,Filter by,,,,,,
en.competencydetails.audio,Audio,,,,,,
en.competencydetails.pdf,PDF,,,,,,
en.competencydetails.webpage,Webpage,,,,,,
en.competencydetails.course,Course,,,,,,
en.competencycard.quickExplore,Quick explore,,,,,,
en.competencycard.noCbps,No CBPs found!,,,,,,
en.competencycard.seeAll,See all,,,,,,
en.curatedpage.latestCollections,Latest collections,,,,,,
en.curatedpage.noCuratedCollection,No curated collections found!,,,,,,
en.curatedpage.curatedCollections,Curated collections,,,,,,
en.curatedpage.search,Search,,,,,,
en.apptocbanner.pleaseChooseBatch,Please choose a batch to start course,,,,,,
en.apptocbanner.requestToEnroll,Request to enroll,,,,,,
en.apptocbanner.lastEnrollmentDate,Last enrollment date,,,,,,
en.apptocbanner.yourEnrollmentRequest,Your enrollment request is,,,,,,
en.apptocbanner.withDrawYourRequest,Withdraw your request,,,,,,
en.apptocbanner.noBatches,No batches,,,,,,
en.apptocbanner.thisBatchStarts,This batch starts in,,,,,,
en.apptocbanner.dayS,DAYS,,,,,,
en.apptocbanner.hours,HOURS,,,,,,
en.apptocbanner.minutes,MINUTES,,,,,,
en.apptocbanner.batchDuration,Batch duration,,,,,,
en.apptocbanner.days,Days,,,,,,
en.apptocbanner.kindlyCheckLocationDetails,Kindly check the location details and plan in advance.,,,,,,
en.apptocbanner.batchLocation,Batch location,,,,,,
en.apptocbanner.view,View,,,,,,
en.apptocsinglepage.overview,Overview,,,,,,
en.apptocsinglepage.content,Content,,,,,,
en.apptocsinglepage.sessions,Sessions,,,,,,
en.apptocsinglepage.discussion,Discussion,,,,,,
en.apptocsinglepage.summary,Summary,,,,,,
en.apptocsinglepage.description,Description,,,,,,
en.apptocsinglepage.authorsAndCurators,Authors and curators,,,,,,
en.apptocsinglepage.author,Author,,,,,,
en.apptocsinglepage.curator,Curator,,,,,,
en.apptocsinglepage.programDirectorFacilitators,Program director & facilitators,,,,,,
en.apptocsinglepage.facilitator,Facilitator,,,,,,
en.apptocsinglepage.competencies,Competencies,,,,,,
en.apptocsinglepage.competency,Competency,,,,,,
en.apptocsinglepage.type,Type,,,,,,
en.apptocsinglepage.ratingsReviews,Ratings and reviews,,,,,,
en.apptocsinglepage.topReviews,Top reviews,,,,,,
en.apptocsinglepage.latestReviews,Latest reviews,,,,,,
en.apptocsinglepage.noReviewsFound,No reviews found!,,,,,,
en.apptocsinglepage.search,Search,,,,,,
en.apptocsinglepage.learningObjective,Learning objective,,,,,,
en.apptocsinglepage.registrationInstructions,Registration instructions,,,,,,
en.apptocsinglepage.studyMaterials,Study materials,,,,,,
en.apptocsinglepage.Skills,Skills,,,,,,
en.apptocsinglepage.preRequisites,Pre-Requisites,,,,,,
en.apptocsinglepage.Topics,Topics,,,,,,
en.ratingsummary.ratings,ratings,,,,,,
en.ratingsummary.outof5,out of 5,,,,,,
en.ratingsummary.star,star,,,,,,
en.cardratingcommet.viewFeply,View reply,,,,,,
en.ratingdialog.rateReview,Rate and review,,,,,,
en.ratingdialog.yourReviewFeedbackValuable,Your review and feedback is valuable in creating a robust learning experience,,,,,,
en.ratingdialog.rateThis,Rate this,,,,,,
en.ratingdialog.giveReview,Give a review,,,,,,
en.ratingdialog.characters,characters,,,,,,
en.ratingdialog.addReview,Add a review for this,,,,,,
en.ratingdialog.exceededCharacters,You have exceeded 200 characters.,,,,,,
en.ratingdialog.recommendCourse,Recommend this course to your friends,,,,,,
en.ratingdialog.submit,Submit,,,,,,
en.ratingdialog.update,Update,,,,,,
en.ratingdialog.thankYouForFeedback,Thank you for the feedback!!!,,,,,,
en.ratingdialog.youCanUpdateYourFeedback,You can update your feedback at anytime.,,,,,,
en.ratingdialog.optional,(optional),,,,,,
en.apptocontents.previewContentUnavailable,The preview for this type of content is unavailable. Please click on Start button above to view.,,,,,,
en.apptoccontentcard.viewCertificate,View certificate,,,,,,
en.apptoccontentcard.resource,Resource,,,,,,
en.apptoccontentcard.module,Module,,,,,,
en.apptoccontentcard.course,Course,,,,,,
en.apptoccontentcard.optional,optional,,,,,,
en.apptoccontentcard.viewDetails,View Details,,,,,,
en.apptoccontentcard.completed,Completed,,,,,,
en.apptoccontentcard.inProgress,In progress,,,,,,
en.apptoccontentcard.notStarted,Not started,,,,,,
en.apptocsessions.noSessionsAvailable,No sessions available in this batch,,,,,,
en.apptocsessionscards.optional,optional,,,,,,
en.apptocsessionscards.sessionHandouts,Session Handouts,,,,,,
en.apptocsessionscards.download,Download,,,,,,
en.attendancecard.attendanceStatus,Attendance status,,,,,,
en.attendancecard.sessionAttendance,Session attendance,,,,,,
en.attendancecard.unmarked,Unmarked,,,,,,
en.attendancecard.marked,Marked,,,,,,
en.attendancecard.afterBatchStarts,"After the batch starts, you will be able to mark the attendace through mobile.",,,,,,
en.attendancehelper.title,Follow these 4 simple steps to successfully mark your attendance.,,,,,,
en.attendancehelper.step1,STEP 1,,,,,,
en.attendancehelper.title1,Download iGOT app,,,,,,
en.attendancehelper.description1,Download the app from the apple app store or google playstore,,,,,,
en.attendancehelper.STEP2,STEP 2,,,,,,
en.attendancehelper.title2,Login to the app,,,,,,
en.attendancehelper.description2,Login using your registered email/phone number,,,,,,
en.attendancehelper.STEP3,STEP 3,,,,,,
en.attendancehelper.title3,Open the blended program,,,,,,
en.attendancehelper.description3,For example: Search for `Creating and Running and Online Course`,,,,,,
en.attendancehelper.STEP4,STEP 4,,,,,,
en.attendancehelper.title4,Tap the button “Scan to mark attendance” ,,,,,,
en.attendancehelper.description4,Follow the steps as it guides.,,,,,,
en.attendancehelper.helpText,"If you`re facing the problem in marking the attendance, please contact your program coordinator",,,,,,
en.batchEnrollmsg.batchEnrollL1Msg,Your enrollment request is being reviewed. You will be notified when it is approved.,,,,,,
en.batchEnrollmsg.batchEnrollL2Msg,We are now reviewing your request. You will be notified when it is approved.,,,,,,
en.batchEnrollmsg.batchEnrollDelayMsg,Are you still waiting for the approval?,,,,,,
en.batchEnrollmsg.batchEnrollApprovedMsg,Your enrollment is now approved.,,,,,,
en.batchEnrollmsg.batchEnrollRejectedMsg,Your enrollment request for the selected batch has been rejected.,,,,,,
en.batchEnrollmsg.batchEnrollRemoveMsg,Your enrollment request for the selected batch has been removed.,,,,,,
en.batchEnrollmsg.batchEnrollSupportMsg,"For help, write to us at ",,,,,,
en.batchEnrollmsg.batchEnrollWithdrawMsg,Your request to withdraw from this blended program has been successfully processed.,,,,,,
en.batchEnrollmsg.batchListExpiredMsg,You can't enroll into this blended program.,,,,,,
en.apptochome.resume,Resume,,,,,,
en.apptochome.start,Start,,,,,,
en.apptochome.startAgain,Start again,,,,,,
en.apptochome.takeAssessment,Take Assessment,,,,,,
en.apptochome.enroll,Enroll,,,,,,
en.apptochome.youAreNotInvited,You are not invited for this Program.,,,,,,
en.apptochome.noActiveBatches,No Active Batches!!.,,,,,,
en.apptochome.batchWillStart,Batch will start,,,,,,
en.apptochome.takeTest,Take test,,,,,,
en.apptochome.requestUnderReview,Request under review,,,,,,
en.apptochome.register,Register,,,,,,
en.apptochome.contentExpiredDeleted,The content is expired or deleted.,,,,,,
en.apptochome.contentUnpublished,The content has been unpublished.,,,,,,
en.apptochome.contentDraft,The content is in draft.,,,,,,
en.apptochome.contentReview,The content is in review.,,,,,,
en.apptochome.certificationTakesTime,"Kindly be patient. The certificate generation normally takes up to 24 hours, however, it might take longer sometimes.",,,,,,
en.apptochome.issuePersistsMailus,"If the issue persists, please mail us at",,,,,,
en.apptochome.congratulations,Congratulations!,,,,,,
en.apptochome.certificateCompletionReady,Your certificate of completion is ready for you to download.,,,,,,
en.apptochome.viewedInIntranet,This can be viewed only in the Intranet.,,,,,,
en.apptochome.notAvailableOnline,This is instructor-led classroom course and is not available online.,,,,,,
en.apptochome.youtubeContentBlocked,Access to this YouTube content is blocked.,,,,,,
en.apptochome.applyForPhysicalTraining,Apply for physical training,,,,,,
en.apptochome.yourProgress,Your progress,,,,,,
en.apptochome.rateThis,Rate this,,,,,,
en.apptochome.course,course,,,,,,
en.apptochome.editRating,Edit rating,,,,,,
en.apptochome.atGlance,At a glance,,,,,,
en.apptochome.courses1,Courses,,,,,,
en.apptochome.course1,Course,,,,,,
en.apptochome.module,Module,,,,,,
en.apptochome.modules,Modules,,,,,,
en.apptochome.video,Video,,,,,,
en.apptochome.videos,Videos,,,,,,
en.apptochome.session,Session,,,,,,
en.apptochome.sessions,Sessions,,,,,,
en.apptochome.pdf,PDF,,,,,,
en.apptochome.pdfs,PDFs,,,,,,
en.apptochome.audio,Audio,,,,,,
en.apptochome.audios,Audios,,,,,,
en.apptochome.webPage,Web Page,,,,,,
en.apptochome.webPages,Web Pages,,,,,,
en.apptochome.survey,Survey,,,,,,
en.apptochome.surveys,Surveys,,,,,,
en.apptochome.interactiveContent,Interactive Content,,,,,,
en.apptochome.interactiveContents,Interactive Contents,,,,,,
en.apptochome.assessment,Assessment,,,,,,
en.apptochome.assessments,Assessments,,,,,,
en.apptochome.practiceTest,Practice test,,,,,,
en.apptochome.practiceTests,Practice Tests,,,,,,
en.apptochome.finalTest,Final test,,,,,,
en.apptochome.finalTests,Final Tests,,,,,,
en.apptochome.otherItem,Other Item,,,,,,
en.apptochome.otherItems,Other Items,,,,,,
en.apptochome.to,to,,,,,,
en.apptochome.paidContent,Paid Content,,,,,,
en.apptochome.free,Free,,,,,,
en.apptochome.view,View,,,,,,
en.playerbrief.download,Download,,,,,,
en.playerbrief.interactiveVideo,Interactive Video,,,,,,
en.playerbrief.interactiveVideos,Interactive Videos,,,,,,
en.playerbrief.youtubeVideo,Youtube Video,,,,,,
en.playerbrief.youtubeVideos,Youtube Videos,,,,,,
en.playerbrief.podcast,Podcast,,,,,,
en.playerbrief.podcasts,Podcasts,,,,,,
en.playerbrief.webModule,Web Module,,,,,,
en.playerbrief.webModules,Web Modules,,,,,,
en.playerbrief.quiz,Quiz,,,,,,
en.playerbrief.quizzes,Quizzes,,,,,,
en.playerbrief.showMore,Show More,,,,,,
en.playerbrief.showLess,Show Less,,,,,,
en.playerbrief.authors,Authors,,,,,,
en.playerbrief.curatorcontact,Curator/Contact,,,,,,
en.apptoc.lastUpdatedOn,Last updated on,,,,,,
en.apptoc.expiryDate,Expiry date,,,,,,
en.apptoc.learningMode,Learning mode,,,,,,
en.apptoc.region,Region,,,,,,
en.apptoc.license,License,,,,,,
en.apptoc.locale,Locale,,,,,,
en.apptoc.hasTranslations,Has translations,,,,,,
en.apptoc.keywords,Keywords,,,,,,
en.apptoc.size,Size,,,,,,
en.apptoc.contentType,Content type,,,,,,
en.apptoc.complexityLevel,Complexity level,,,,,,
en.apptoc.duration,Duration,,,,,,
en.apptoc.cost,Cost,,,,,,
en.apptoc.viewCount,View count,,,,,,
en.apptoc.sourceName,Source name,,,,,,
en.apptoc.structure,Structure,,,,,,
en.apptoc.competencies,Competencies,,,,,,
en.apptoc.batchDate,Batch date,,,,,,
en.apptoc.batchDuration,Batch duration,,,,,,
en.apptoc.enrolled,Enrolled,,,,,,
en.apptoc.rejected,Rejected,,,,,,
en.apptoc.totalApplied,Total applied,,,,,,
en.certificatedialog.downloadCertificate,Download Certificate,,,,,,
en.certificatedialog.download,Download,,,,,,
en.certificatedialog.pdf,PDF,,,,,,
en.certificatedialog.png,PNG,,,,,,
en.certificatedialog.svg,SVG,,,,,,
en.coursecompletiondialog.congratulations,Congratulations!,,,,,,
en.coursecompletiondialog.yourCertificateAvailableShortly,Your certificate of completion will be available shortly.,,,,,,
en.coursecompletiondialog.wouldLoveHearExperience,"We would love to hear about your experience, so please take a moment to",,,,,,
en.coursecompletiondialog.rateTheCourse,rate the course,,,,,,
en.coursecompletiondialog.shareYourThoughts,and share your thoughts with us.,,,,,,
en.coursecompletiondialog.close,Close,,,,,,
en.viewercomponent.issueInContent,Looks like we are having some issues in our content.,,,,,,
en.viewercomponent.differentMimetype,Debug Message: This content is of a different mimeType,,,,,,
en.viewercomponent.possibleLink,Possible Link:,,,,,,
en.viewercomponent.reportToUs,Report to us,,,,,,
en.viewercomponent.weWillMakeItWork,and we will make it work,,,,,,
en.viewercomponent.notAuthorizedToPreview,Looks like you are not authorized to preview this content.,,,,,,
en.viewercomponent.ifGovtOfficial,"If you are a government official, register or sign in so you can track your learning progress and get certified.",,,,,,
en.viewertopbar.prev,PREV,,,,,,
en.viewertopbar.skip,SKIP,,,,,,
en.viewertopbar.next,NEXT,,,,,,
en.viewertopbar.finish,FINISH,,,,,,
en.viewertoc.structure,Structure,,,,,,
en.viewertoc.queue,Queue,,,,,,
en.viewertoc.resourceNotPartOfCollection,The Resource is not part of the collection,,,,,,
en.viewertoc.unsupportedType,Unsupported Collection Type,,,,,,
en.viewertoc.contents,Contents,,,,,,
en.viewertoc.details,Details,,,,,,
en.player.surveySubmitted,Survey is submitted,,,,,,
en.player.page,Page,,,,,,
en.player.of,of,,,,,,
en.network.tabNetworkHome,Network home,,,,,,
en.network.searchUser,Search User,,,,,,
en.network.tabYourConnections,Your connections,,,,,,
en.network.noConnectionRequests, No connection requests!,,,,,,
en.network.tabConnectionRequests,Connection Requests,,,,,,
en.network.tabConnectionRequest,Connection Request,,,,,,
en.network.tabUsersFromMDO,Users from MDO,,,,,,
en.network.tabFromYourMdo,From Your MDO,,,,,,
en.network.tabRecommendedConnections,Recommended Connections,,,,,,
en.network.btnSeeMore,See More,,,,,,
en.network.userSearch,User Search,,,,,,
en.network.showAll,Show All,,,,,,
en.event.labelTodayEvent,Today's Events,,,,,,
en.event.noEvent,No Event,,,,,,
en.event.labelAllEvents,All Events,,,,,,
en.event.all,All,,,,,,
en.event.typoWebinar,Webinar,,,,,,
en.event.btnViewRecording,View Recording,,,,,,
en.event.tabCuratedEvents,Curated Events,,,,,,
en.event.cardTitle,Karmayogi Bharat,,,,,,
en.event.eventDescription,Description,,,,,,
en.event.eventPresenters,Presenters,,,,,,
en.event.eventAgenda,Agenda,,,,,,
en.event.btnEventCompleted,Event is completed,,,,,,
en.event.eventType,Event Type,,,,,,
en.event.eventHostedBy,Hosted By,,,,,,
en.career.labelAllOpenings,All openings,,,,,,
en.career.tabRecent,Recent,,,,,,
en.career.tabMostViewed,Most Viewed,,,,,,
en.career.labelPersonalizedExpTxt,For a personalized learning experience,,,,,,
en.career.btnSelectInterest,Select your Interests,,,,,,
en.competencies.labelYourCompetencies,Your competencies,,,,,,
en.competencies.labelRecommendCompetencies,Recommended competencies,,,,,,
en.competencies.tabAllCompetencies,All competencies,,,,,,
en.competencies.acquiredByYou,Acquired By You,,,,,,
en.competencies.desired,Desired,,,,,,
en.competencies.fromFRAC,From FRAC,,,,,,
en.competencies.fromWAT,From WAT,,,,,,
en.competencies.cbpCourse,CBP course,,,,,,
en.competencies.selfAttestation,Self attestation,,,,,,
en.competencies.addCompetency,Add a competency,,,,,,
en.competencies.recommendedBasedOnPosition,Competencies will be recommended based on your position.,,,,,,
en.discuss.askQuestion,Ask a question or post an idea,,,,,,
en.discuss.sidepanelAlldiscussion,All discussions,,,,,,
en.discuss.sidepanelCategories,Categories,,,,,,
en.discuss.sidepanelTags,Tags,,,,,,
en.discuss.sidepanelMyDiscuss,My Discussions,,,,,,
en.discuss.startDiscuss,Start Discusion,,,,,,
en.discuss.startDiscussQues,Question is mandatory,,,,,,
en.discuss.descMandatory,Description is mandatory,,,,,,
en.discuss.btnSubmitPost,Submit post,,,,,,
en.discuss.comments,comments,,,,,,
en.discuss.yourAnswerHere,Your answer here,,,,,,
en.discuss.thisIsMandatory,This is mandatory,,,,,,
en.discuss.postReply,Post reply,,,,,,
en.discuss.recent,Recent,,,,,,
en.discuss.reply,Reply,,,,,,
en.discuss.lastReply,Last reply,,,,,,
en.discuss.replies,replies,,,,,,
en.discuss.cancel,Cancel,,,,,,
en.discuss.siscussions,Discussions,,,,,,
en.discuss.posts,Posts,,,,,,
en.discuss.recentPosts,Recent posts,,,,,,
en.discuss.bestPosts,Best posts,,,,,,
en.discuss.savedPosts,Saved posts,,,,,,
en.discuss.upVoted,Upvoted,,,,,,
en.discuss.downVoted,Downvoted,,,,,,
en.discuss.nodata,No Data,,,,,,
en.discuss.discard,Discard,,,,,,
en.discuss.labelAllDiscussionRecent,Recent,,,,,,
en.discuss.labelAllDiscussionPopular,Popular,,,,,,
en.discuss.btnStartDiscussion,Start discussion,,,,,,
en.discuss.placeholderAskQuesPostIdea,Ask a question or post an idea,,,,,,
en.discuss.labelCategoriesAll,All,,,,,,
en.discuss.labelCategoriesWatching,Watching,,,,,,
en.discuss.placeholderTagsSearch,Search by name,,,,,,
en.discuss.discussionVotes,Votes,,,,,,
en.discuss.discussionViews,Views,,,,,,
en.knowledgeall.search,Search,,,,,,
en.knowledgeall.noresultfound,No results found,,,,,,
en.knowledgeleftmenu.allKnowledgeResources,All Knowledge resources,,,,,,
en.knowledgeleftmenu.savedKnowledgeResource,Saved Knowledge resource,,,,,,
en.knowledgesaved.search,Search,,,,,,
en.knowledgesaved.noresultfound,No results found,,,,,,
en.settings.language,Language,,,,,,
en.settings.websiteLanguage,Website language,,,,,,
en.settings.enEnglish,EN - English,,,,,,
en.settings.contentLanguage,Content Language,,,,,,
en.settings.supportLanguages,Support for more languages coming soon,,,,,,
en.settings.appearance,Appearance,,,,,,
en.settings.chooseFontSize,Choose base font size,,,,,,
en.settings.baseFontSize,Base font size,,,,,,
en.settings.selectTheme,Select theme,,,,,,
en.settings.defaultLight,Default light,,,,,,
en.settings.supportThemes,Support for more themes coming soon,,,,,,
en.notificationSettings.notificationHeader,Notification Settings,,,,,,
en.notificationSettings.comingSoon,Feature coming soon.,,,,,,
en.passwordSettings.passwordHeader,Account Password Settings,,,,,,
en.passwordSettings.comingSoon,Feature coming soon.,,,,,,
en.privacySettings.privacyHeader,privacy Settings,,,,,,
en.privacySettings.comingSoon,Feature coming soon.,,,,,,
en.settingLeftMenu.generalSettings,General Settings,,,,,,
en.settingLeftMenu.notifications,Notifications,,,,,,
en.settingLeftMenu.accountAndPassword,Account and Password,,,,,,
en.settingLeftMenu.privacy,Privacy,,,,,,
en.settingLeftMenu.getStartedTour,'Get Started' tour,,,,,,
en.contact.headerForAnyTech,"For any technical issues please contact,",,,,,,
en.contact.email,Email,,,,,,
en.contact.helpDesk,Helpdesk,,,,,,
en.contact.call,Call,,,,,,
en.contact.videoConference,We are now available on Video Conference,,,,,,
en.contact.supportReqd,For any Support Required,,,,,,
en.contact.weekDays,Monday to Friday,,,,,,
en.contact.btnJoinNow,Join Now,,,,,,
en.faq.missionTitle,What is mission Karmayogi?,,,,,,
en.faq.missionDescription,"Mission Karmayogi - National Programme for Civil Services Capacity Building has been envisioned by the Government to address the changing needs and aspiration of the citizen. The Programme has been designed to enhance the civil services under a national Programme, anchored by an apex body headed by the  Prime Minister.",,,,,,
en.faq.missionHub,What are hubs?,,,,,,
en.faq.hubDescription,"iGOT Karmayogi platform enables officials to explore, acquire and certify their competencies that are critical to discharging their duties. The platform also helps them connect and collaborate across silos and become more efficient in the execution of their responsibilities. These are made possible, with a series of features organized into specific hubs.",,,,,,
en.faq.accountTitle,How can I reset my password?,,,,,,
en.faq.accountDescription,You can reset or change your password by clicking on the 'Forgot password' link. An email will be sent to you through which you will be able to reset or change your password. ,,,,,,
en.faq.panelDetails,How can I edit my details?,,,,,,
en.faq.panelHeader,'You can edit your profile details by the following steps: 1. Click on 'View profile' button in the profile dropdown.2. Click on the 'Edit profile' button 3. make the necessary changes and click on the 'Save details' button. Please note that few profile details will be updated only after it is approved by the admin.',,,,,,
en.faq.portalAccessQ,How can I know what are the various portals I have access to?,,,,,,
en.faq.portalAccessA,"In your profile dropdown menu, you can see the list of all other portals that you have access to.",,,,,,
en.faq.learnTitle,What is a learn hub?,,,,,,
en.faq.learnHeader,"Learnhub is one among the many hubs that facilitates competency building through suitable courses, assessments and learning recommendations (i.e. CBPs).",,,,,,
en.faq.cbpTitle,What is a CBP?,,,,,,
en.faq.cbpDescription,"Competency Building Product (CBP) is a content comprising of resources, course, modules and programs which can be consumed by the government officials to enhance their competencies or acquire new ones. ",,,,,,
en.faq.cbpHowtitle,How can I search for a CBP?,,,,,,
en.faq.cbpHowDescription,'You can search for a CBP through various ways: 1. Search a CBP by name 2. Explore by topics 3. Explore by competencies 4. Explore by topics',,,,,,
en.faq.cbpWhereTitle,Where can I see all the newly added CBPs?,,,,,,
en.faq.cbpWhereDesc,You can view all the newly added CBPs under the 'Newly added course' section in the homepage.,,,,,,
en.faq.cbpLearning,How can I start learning?,,,,,,
en.faq.cbpPanelDescription,"After selecting the CBP that you want to learn, click on the 'Start' button.",,,,,,
en.faq.resumePassCBPQ,Can I resume/pause a CBP?,,,,,,
en.faq.resumePassCBPA,"Yes, you can pause a CBP that you are currently consuming and resume at any point of time.",,,,,,
en.faq.assessmentQuery, Is it necessary to pass an assessment?,,,,,,
en.faq.assesmentAnswer,It is necessary to pass the CBP assessment for you to acquire the competency that the CBP caters to.,,,,,,
en.faq.competencyAssessment,What is a competency assessment?,,,,,,
en.faq.competencyAssessmentAns,"Every competency will have assessments attached to it and only after passing the assessment with minimun required score, you will be able to acquire the competency and attached it to you competency list",,,,,,
en.faq.cbpCreator,Who creates the CBPs?,,,,,,
en.faq.cbpCreatorAns,The CBPs are created by the CBP providers through the CBP portal which is listed after going through a review process. ,,,,,,
en.faq.discussQue,How can I use the discuss forum?,,,,,,
en.faq.discussQueAns,"The discuss hub enables you to post your query, idea or suggestion which will be visible to all officials on the platform. Other officials can then engage with your post, provide necessary information and guide the official",,,,,,
en.faq.discussPost, Who can see my posts?,,,,,,
en.faq.discussPostAns,Any official who have been onboarded to the iGOT Karmayogi platform will be able to view and engage with your post.,,,,,,
en.faq.discussDeletePost,Can I delete my post?,,,,,,
en.faq.discussDeletePostAns,"Yes, you will be able to edit or delete your post by clicking on the ellipses in the post.",,,,,,
en.faq.discussQuickAccessPostQ,How can I get quick access to a post?,,,,,,
en.faq.discussQuickAccessPostA,"You can bookmark a post to save it. Additionally, you can search for a post by selecting the right caterogy or tag.",,,,,,
en.faq.discussHowHubHelp,How can discuss hub help me?,,,,,,
en.faq.discussHowHubHelpAns,Discuss hub provides officials with an opportunity to benefit from insights from previous discussions and to trigger new conversations around particular queries they may have.,,,,,,
en.faq.networkConnQue,What are connections?,,,,,,
en.faq.networkConnAns,"Connections are the people (governement officials) who you are connected to in the iGOT platform. Your connections will be able to see the posts you have made, your profile details, your activites until you mark those as private.",,,,,,
en.faq.competenciesTitleWhere,Where can I see my competencies?,,,,,,
en.faq.competenciesTitleWhereAns,You can see the competencies that you have acquired and the list of recommended competencies in the Competency hub.,,,,,,
en.faq.competenciesWhatIsHub,What is a competency hub?,,,,,,
en.faq.competenciesHubAns,Competency hub is one of the key hubs in the iGOT platform detailing about the recommended competencies for your position and your acquired competencies thus giving information about your competency gap.,,,,,,
en.faq.competencyAcquire, How can I acquire a competency?,,,,,,
en.faq.competencyAcquireAns,"You can acquire a competency by consuming CBP and taking up the CBP assessments catering to that competencies, taking up the competency assessment. WPCAS and PIAA will also be required in the future to acquire a competency.",,,,,,
en.faq.competencyQ,What are competencies?,,,,,,
en.faq.competencyA,"Competency is defined as a combination of attitudes, skills and knowledge (ASK) that enable an individual to perform a task or activity successfully in a given job. There are three types of competencies – Behavioural, Domain and Functional",,,,,,
en.faq.whatIsWpacs,What is WPCAS?,,,,,,
en.faq.wpacsAnswer,"An official’s Workplace Competency Assessment Score (WPCAS) is constructed from their colleagues’ (peers, subordinates, and superiors) assessments about their performance. Through these assessments, an official’s colleagues are provided the opportunity to examine the extent to which he/she is demonstrating a particular competency in the workplace. For each competency an official is supposed to have, his/her colleagues receive questions where they are asked to indicate how he/she performed recently on that competency. The responses to these questions are then collated to create a single score for each competency every 3 months. The assessments also serve the purpose of providing feedback to help officials improve their performance.",,,,,,
en.faq.cbpCompetencyStore,What is CBP competency score?,,,,,,
en.faq.cbpCompetencyStoreAns,This score will be given to a learner on the completion of a CBP and its corresponding assessments. It is based on the learner’s performance on these assessments and contributes to the TCS (thereby the overall competency score of an individual).,,,,,,
en.faq.whatIsFrac,What is FRAC?,,,,,,
en.faq.frcCAns,"The Framework of Roles, Activities and Competencies (FRAC), as termed within Mission Karmayogi’s Integrated Government Online Training platform (iGOT) initiative, is the mapping of three constructs (roles, activities and competencies, supported by knowledge resources) for each individual position within all government ministries, departments and organisations (MDOs) at the national, state and local level.",,,,,,
en.faq.workOrderQ,What is a Work order?,,,,,,
en.faq.workOrderA,"Work allocation orders are documents which formally allocate the roles and accountabilities to every government official, usually upon joining. These are allocated by the supervisor or Head of the MDO, and updated as and when necessary.",,,,,,
en.profileView.editProfile,Edit Profile,,,,,,
en.profileView.connections,Connections,,,,,,
en.profileView.discussions,Discussions,,,,,,
en.profileView.noInfoavailable,No Information Available,,,,,,
en.profileView.yourStats,Your stats,,,,,,
en.profileView.showAll,Show all,,,,,,
en.profileView.myDiscussions,My Discussions,,,,,,
en.profileView.recentPosts,Recent posts,,,,,,
en.profileView.bestPosts,Best posts,,,,,,
en.profileView.savedPosts,Saved posts,,,,,,
en.profileView.noData,No Data,,,,,,
en.profileV2LeftMenu.profileInfo,Profile info,,,,,,
en.profileV2LeftMenu.certifications,Certifications,,,,,,
en.profileV2LeftMenu.careerHistory,Career history,,,,,,
en.profileV2LeftMenu.academics,Academics,,,,,,
en.profileV2LeftMenu.hobbies,Hobbies,,,,,,
en.profileCretificationsV2.certifications,Certifications,,,,,,
en.profileCretificationsV2.Issuedon,Issued on ,,,,,,
en.profileCretificationsV2.certificateNotIssued,Certificate Not issued,,,,,,
en.profileV2Career.careerHistory,Career history,,,,,,
en.profileV2Career.joined,Joined,,,,,,
en.profileV2Career.noCareerInformation,No career information available,,,,,,
en.profileV2Academics.academics,Academics,,,,,,
en.profileV2Academics.noInformation,No Information Available,,,,,,
en.profileV2Hobbies.hobbies,Hobbies,,,,,,
en.profileV2Hobbies.noInformation,No hobbies information available ,,,,,,
en.publicHome.mainSectionContent,Learn. Network. Grow your career.,,,,,,
en.publicHome.mainSectionContentDesc,Gain skills to rocket your career growth. Connect with civil servants and experts to learn and discover new opportunities in the Indian civil services.,,,,,,
en.publicHome.learnAndNetwork,Learn and network with civil servants and subject matter experts across India,,,,,,
en.publicHome.serviceHeading,How does the platform enable you to become the best version of yourself?,,,,,,
en.publicHome.expCivilServant,An experienced civil servant,,,,,,
en.publicHome.journeySectionMain,Start your learning journey,,,,,,
en.publicHome.journeySectionPara,Are you a government official without an iGOT Karmayogi account yet? Start here.,,,,,,
en.publicHome.servicesSection,A newly recruited civil servant,,,,,,
en.publicHome.learningHub,Learning hub,,,,,,
en.publicHome.learnhubPara,"Learn anywhere, anytime and bridge your competency gaps using impactful and engaging learning content.",,,,,,
en.publicHome.discussionHub,Discussion hub,,,,,,
en.publicHome.ServiceItemDiscussion,"Discuss and learn with peers, colleagues, civil servants and experts across the country.",,,,,,
en.publicHome.networkHub,Network hub,,,,,,
en.publicHome.networkHubParagraph,Connect with civil servants across the country. Grow your network within government circles.,,,,,,
en.publicHome.competencyHub,Competency hub,,,,,,
en.publicHome.competencyHubPara,"Identify your competency requirements, competency gaps, so you can grow faster in the right direction.",,,,,,
en.publicHome.careerHub,Career hub,,,,,,
en.publicHome.careerHubPara,Explore career opportunities across the country and signal your expertise.,,,,,,
en.publicHome.eventHub,Events hub,,,,,,
en.publicHome.eventHubPara,Join online and in-person events to break silos and share ideas.,,,,,,
en.publicHome.walkthroughIgot,Walkthrough of the iGOT Karmayogi Portal,,,,,,
en.publicHome.igotWalkthrough,Gain skills to rocket your career growth. Connect with civil servants and experts to learn and discover new opportunities in the Indian civil services.,,,,,,
en.publicHome.growSection,Learn. Network. Take your career growth to the next level.,,,,,,
en.home.learnHub,Go to learn hub,,,,,,
en.home.updateTitle,Update your mobile number,,,,,,
en.home.updateMobile,Update your mobile number. This will enable you to login with your mobile number easily and receive important alerts on your mobile.,,,,,,
en.home.whyItIsImp,Why it is important ?,,,,,,
en.home.networkHub,Go to Network hub,,,,,,
en.home.suggestedForYou,Suggested for you,,,,,,
en.home.connect,Connect,,,,,,
en.home.connecting,Connecting...,,,,,,
en.home.newRecommendation,As of now there are no recommendations found for you.,,,,,,
en.home.gotToDiscussHubs,Go to discuss hub,,,,,,
en.home.btnDiscuss,Discuss,,,,,,
en.home.subDiscussTrendingDiscuss,Trending discussions,,,,,,
en.home.networkConnectwith,Connect with people you may know,,,,,,
en.home.btnView,View,,,,,,
en.home.cardNewlyAddedCourses,Newly added courses,,,,,,
en.home.learnContinue,Continue learning,,,,,,
en.home.profileCardInProgress,In Progress,,,,,,
en.home.labelMyLearning,My Learning,,,,,,
en.home.profileCardCertificate,Certificate,,,,,,
en.home.profileCardLearning,Learning hours,,,,,,
en.home.profileCardWeeklyclaps,Weekly claps,,,,,,
en.home.profileCardWeeks,weeks,,,,,,
en.home.tabCompleted,Completed,,,,,,
en.home.btnResume,Resume,,,,,,
en.home.blendedProgramBanner,Blended Program,,,,,,
en.home.navigationDetails,Details,,,,,,
en.home.blendedProgramBatchStart,This batch starts in,,,,,,
en.home.blendedProgramWithdrawReq, Withdraw your request ,,,,,,
en.home.blendedProgramEnrollReq,Your enrollment request is being reviewed. You will be notified when it is approved.,,,,,,
en.home.blendedProgramCheckLiveLoc,Kindly check the location details and plan in advance.,,,,,,
en.home.blendedProgramBatchLoc,Batch location,,,,,,
en.home.blendedProgramOverview,Overview,,,,,,
en.home.blendedProgramContent,Content,,,,,,
en.home.blendedProgramSessions,Sessions,,,,,,
en.home.blendedProgramDiscussion,Discussion,,,,,,
en.home.blendedProgramSummary,Summary,,,,,,
en.home.blendedProgramDescription,Description,,,,,,
en.home.blendedProgramAuthorsCurators,Authors and curators,,,,,,
en.home.competencyType,Type,,,,,,
en.home.competencyRatingReview,Ratings and reviews,,,,,,
en.home.blendedProgramNoReviewFound,No reviews found!,,,,,,
en.home.blendedProgramTopReviews,Top reviews,,,,,,
en.home.placeholderSearch,Search,,,,,,
en.home.cardTrendingDepartment,Trending across department,,,,,,
en.home.cardPrograms,Programs,,,,,,
en.home.cardCourses,Courses,,,,,,
en.home.labelLearning30Min,Learning under 30 min,,,,,,
en.home.labelMostTrending,Most trending,,,,,,
en.home.discussUpdateOnPost,Updates on your posts,,,,,,
en.home.discussionMonthsAgo,months ago,,,,,,
en.home.networkRecentReq,Recent requests,,,,,,
en.home.networkBuildConn,Built your connections within your department and other departments.,,,,,,
en.home.networkFindConn,Find COnnections,,,,,,
en.home.topProviderSliders,Top providers powering your learning,,,,,,
en.home.scannerDownload,Download,,,,,,
en.home.scannerIgotKarmyogiApp,iGOT Karmayogi mobile app,,,,,,
en.home.scannerSubtext,Continue your lifelong learning experience anywhere anytime.,,,,,,
en.home.scanToDownload,Scan to Download,,,,,,
en.home.nudgesText,Update your mobile number,,,,,,
en.home.nudgesButton,Update,,,,,,
en.userProfile.home,home,,,,,,
en.userProfile.network,Network,,,,,,
en.userProfile.updateprofile,Update profile,,,,,,
en.userProfile.personalDetails,Personal Details,,,,,,
en.userProfile.maxFileSize,Max file size: 1 MB,,,,,,
en.userProfile.supportedFiles,"Supported file types: JPG, JPEG, PNG",,,,,,
en.userProfile.fullName,Full Name,,,,,,
en.userProfile.enterFullName,Enter Full Name,,,,,,
en.userProfile.fullNameMandatory,Full name is mandatory,,,,,,
en.userProfile.fullNameWithConditions,"Name field can only contain letters, space and the character (').",,,,,,
en.userProfile.dob,Date of Birth (dd-mm-yyyy),,,,,,
en.userProfile.dobMandatory,Date of Birth is mandatory,,,,,,
en.userProfile.nationality,Nationality,,,,,,
en.userProfile.domicileMedium,Domicile Medium (Mother Tongue),,,,,,
en.userProfile.domicileMandatory,Domicile Medium is mandatory,,,,,,
en.userProfile.domicileEror,Please choose a value from the list provided above.,,,,,,
en.userProfile.gender,Gender,,,,,,
en.userProfile.male,Male,,,,,,
en.userProfile.female,Female,,,,,,
en.userProfile.others,Others,,,,,,
en.userProfile.martalStatus,Marital Status,,,,,,
en.userProfile.single,Single,,,,,,
en.userProfile.married,Married,,,,,,
en.userProfile.category,Category,,,,,,
en.userProfile.general,General,,,,,,
en.userProfile.obc,OBC,,,,,,
en.userProfile.sc,SC,,,,,,
en.userProfile.st,ST,,,,,,
en.userProfile.otherLanguages,Other Languages Known,,,,,,
en.userProfile.otherLanguageMandatory,Other Languages Known is mandatory,,,,,,
en.userProfile.mobileNumber,Mobile Number,,,,,,
en.userProfile.mobileNumbererror,Please enter your mobile number,,,,,,
en.userProfile.mobileNumberlengthError,Please enter a valid 10 digit mobile number,,,,,,
en.userProfile.sendOTP,Send OTP,,,,,,
en.userProfile.resendOTPafter,Resend OTP after,,,,,,
en.userProfile.resendOTP,Resend OTP,,,,,,
en.userProfile.verifyOTP,Verify OTP,,,,,,
en.userProfile.telephoneNumber,"Telephone Number (e.g., 0123-26104183 or 012327204281)",,,,,,
en.userProfile.telephoneNumberValidation,"Please enter a valid telephone number (e.g., 0123-26104183 or 012327204281)",,,,,,
en.userProfile.telephoneMandatory,Telephone Number is mandatory,,,,,,
en.userProfile.primaryEmail,Primary Email,,,,,,
en.userProfile.primaryEmailMandatory,Primary Email is mandatory,,,,,,
en.userProfile.officialEmail,This is my official email,,,,,,
en.userProfile.secondaryEmail,Secondary Email,,,,,,
en.userProfile.secondaryEmailValidation,Max 64 characters before '@' & 255 characters after '@' are valid.,,,,,,
en.userProfile.postalAddress,Postal Address,,,,,,
en.userProfile.postalAddressMandatory,Postal Address is mandatory,,,,,,
en.userProfile.postalAddressLengthValidation,You have exceeded 200 characters.,,,,,,
en.userProfile.addressPlaceholder,Type Your Residence Address Here,,,,,,
en.userProfile.pinCode,Pin Code,,,,,,
en.userProfile.pinMandatory,Pin Code is mandatory,,,,,,
en.userProfile.pinLength,Please enter a valid 6 digit pincode,,,,,,
en.userProfile.earnKarmayogiBadge,Earn your Karmayogi Badge today,,,,,,
en.userProfile.academics,Academics,,,,,,
en.userProfile.10th,10th Standard,,,,,,
en.userProfile.schoolName,School Name,,,,,,
en.userProfile.schoolNameMandatory,School Name is mandatory,,,,,,
en.userProfile.12th,12th Standard,,,,,,
en.userProfile.yearOfPasssing,Year of Passsing,,,,,,
en.userProfile.4DigitYear,Please enter a valid 4 digit year,,,,,,
en.userProfile.graduationDetails,Graduation Details,,,,,,
en.userProfile.degree,Degree,,,,,,
en.userProfile.other,Other,,,,,,
en.userProfile.othergraduationNandatory,Other Graduation Name is mandatory,,,,,,
en.userProfile.instituteName,Institute Name,,,,,,
en.userProfile.instituteNameMandatory,Institute Name is mandatory,,,,,,
en.userProfile.addOtherQualification,Add Other Qualification,,,,,,
en.userProfile.postGraduationDetails,Post Graduation Details,,,,,,
en.userProfile.professionalDetails,Professional Details,,,,,,
en.userProfile.governmentOrganisation,Government Organisation,,,,,,
en.userProfile.nonGovernmentOrganisation,Non-Government Organisation,,,,,,
en.userProfile.organisationName,Organisation Name,,,,,,
en.userProfile.otherOrganisationNameMandatory,Other Organisation Name is mandatory,,,,,,
en.userProfile.industry,Industry,,,,,,
en.userProfile.otherIndustryName,Other Industry Name is mandatory,,,,,,
en.userProfile.designation,Designation,,,,,,
en.userProfile.otherDesignationNameMandatory,Other Designation Name is mandatory,,,,,,
en.userProfile.country,Country,,,,,,
en.userProfile.dateOfJoining,Date of Joining,,,,,,
en.userProfile.dateOfJoiningMandatory,Date of Joining is mandatory,,,,,,
en.userProfile.description,Description,,,,,,
en.userProfile.descriptionLength,You have exceeded 500 characters.,,,,,,
en.userProfile.characters,characters,,,,,,
en.userProfile.otherDetailsGovernmentEmployees,Other Details For Government Employees (If Applicable),,,,,,
en.userProfile.payBand,Pay Band (Grade Pay),,,,,,
en.userProfile.service,Service,,,,,,
en.userProfile.cadre,Cadre,,,,,,
en.userProfile.allotmentYearOfService,Allotment Year of Service,,,,,,
en.userProfile.civilListNumber,Civil List Number,,,,,,
en.userProfile.civilListNumberMandatory,Civil List Number is mandatory,,,,,,
en.userProfile.employeeCode,Employee Code,,,,,,
en.userProfile.employeeCodeMandatory,Employee Code is mandatory,,,,,,
en.userProfile.officePostalAddress,Office Postal Address,,,,,,
en.userProfile.officePostalAddressMandatory,Office Postal Address is mandatory,,,,,,
en.userProfile.officePostalAddressLength,You have exceeded 200 characters.,,,,,,
en.userProfile.tags,Tags,,,,,,
en.userProfile.noTags,No tags available,,,,,,
en.userProfile.approveRequest,"Once Your department will approve your request, System will unlock this section.",,,,,,
en.userProfile.saveDetails,Save Details,,,,,,
en.publicsignup.register,Register,,,,,,
en.publicsignup.fullName,Full name,,,,,,
en.publicsignup.fullNameMandatory,Full name is mandatory,,,,,,
en.publicsignup.enterYourFullName,Enter your full name,,,,,,
en.publicsignup.fullNameWitoutSp,"Name field can only contain letters, space and the character (').",,,,,,
en.publicsignup.group,Group,,,,,,
en.publicsignup.selectYourGroup,Select your group,,,,,,
en.publicsignup.groupMandatory, Group is mandatory,,,,,,
en.publicsignup.email,Email,,,,,,
en.publicsignup.enterYourEmailAddress,Enter your email address,,,,,,
en.publicsignup.pleaseEnterEmail,Please enter your email address,,,,,,
en.publicsignup.validEmail,Please enter a valid email address,,,,,,
en.publicsignup.emailLengthValidation,Max 64 characters before '@' & 255 characters after '@' are valid.,,,,,,
en.publicsignup.donotHaveGovernmentEmail,Do not have a government email address?,,,,,,
en.publicsignup.requestForHelp,Request for help,,,,,,
en.publicsignup.sendOTP,Send OTP,,,,,,
en.publicsignup.enterOTP,Enter OTP,,,,,,
en.publicsignup.resendOTPAfter,Resend OTP after,,,,,,
en.publicsignup.resendOTP,Resend OTP,,,,,,
en.publicsignup.verifyOTP,Verify OTP,,,,,,
en.publicsignup.mobileNumber,Mobile Number,,,,,,
en.publicsignup.pleaseEnterMobileNumber,Please enter your mobile number,,,,,,
en.publicsignup.validMobilenumber,Please enter a valid 10 digit mobile number,,,,,,
en.publicsignup.mobileOtp,Mobile otp is required,,,,,,
en.publicsignup.centerOrState,Center/State,,,,,,
en.publicsignup.center,Center,,,,,,
en.publicsignup.state,State,,,,,,
en.publicsignup.organisation,Organisation,,,,,,
en.publicsignup.searchOrganisation,Search organisation,,,,,,
en.publicsignup.search,Search,,,,,,
en.publicsignup.enterOrganisationName,Please enter your organisation name,,,,,,
en.publicsignup.notFound,Not found yet?,,,,,,
en.publicsignup.under,Under,,,,,,
en.publicsignup.noMatchingSearch,We couldn't find any matches for your search.,,,,,,
en.publicsignup.confirmInfo,I confirm that the above provided information is accurate.,,,,,,
en.publicsignup.agree,I agree to the IGOT karmayogi's,,,,,,
en.publicsignup.terms,Terms of Service,,,,,,
en.publicsignup.signup,SIGN UP,,,,,,
en.publicsignup.haveAccount,Already have an account?,,,,,,
en.publicsignup.signin,Sign in here,,,,,,
en.publicrequest.requestTo,Request to add,,,,,,
en.publicrequest.fullName,Full name,,,,,,
en.publicrequest.fullNameMandatory,Full name is mandatory,,,,,,
en.publicrequest.enterYourFullName,Enter your full name,,,,,,
en.publicrequest.fullNameWitoutSp,"Name field can only contain letters, space and the character (').",,,,,,
en.publicrequest.email,Email,,,,,,
en.publicrequest.enterYourEmailAddress,Enter your email address,,,,,,
en.publicrequest.pleaseEnterEmail,Please enter your email address,,,,,,
en.publicrequest.validEmail,Please enter a valid email address,,,,,,
en.publicrequest.emailLengthValidation,Max 64 characters before '@' & 255 characters after '@' are valid.,,,,,,
en.publicrequest.sendOTP,Send OTP,,,,,,
en.publicrequest.enterOTP,Enter OTP,,,,,,
en.publicrequest.resendOTPAfter,Resend OTP after,,,,,,
en.publicrequest.resendOTP,Resend OTP,,,,,,
en.publicrequest.verifyOTP,Verify OTP,,,,,,
en.publicrequest.mobileNumber,Mobile Number,,,,,,
en.publicrequest.pleaseEnterMobileNumber,Please enter your mobile number,,,,,,
en.publicrequest.validMobilenumber,Please enter a valid 10 digit mobile number,,,,,,
en.publicrequest.mobileOtp,Mobile otp is required,,,,,,
en.publicrequest.position,Position,,,,,,
en.publicrequest.enterPosition,Enter your position,,,,,,
en.publicrequest.positionMandatory,Position is mandatory,,,,,,
en.publicrequest.positionOnlyAlphabets,"Only alphabets, numbers, space, &, -, and  () are allowed.",,,,,,
en.publicrequest.organisation,Organisation,,,,,,
en.publicrequest.enterOrganisation,Enter your organisation,,,,,,
en.publicrequest.pleaseEnterOrganisation,Please enter your organisation name,,,,,,
en.publicrequest.porgPositionOnlyAlphabets,"Only alphabets, numbers, space, &, -, and  () are allowed.",,,,,,
en.publicrequest.domain,Domain,,,,,,
en.publicrequest.exDomain,Example: @gov.in,,,,,,
en.publicrequest.enterDomain,Enter your domain (Example: @gov.in),,,,,,
en.publicrequest.validDomainName,Please enter a valid domain name,,,,,,
en.publicrequest.addDetails,Add details,,,,,,
en.publicrequest.typeHere,Type here,,,,,,
en.publicrequest.detailsMandatory,Details is mandatory,,,,,,
en.publicrequest.confirmProvider,I confirm that the above provided information is accurate.,,,,,,
en.publicrequest.submit,Submit,,,,,,
en.globalsearch.home,home,,,,,,
en.globalsearch.Search,Search,,,,,,
en.learnsearch.searchResults,search results,,,,,,
en.learnsearch.searchResult,search result,,,,,,
en.learnsearch.for,for,,,,,,
en.learnsearch.course,Course,,,,,,
en.learnsearch.audio,Audio,,,,,,
en.learnsearch.pdf,PDF,,,,,,
en.learnsearch.webpage,Webpage,,,,,,
en.learnsearch.by,By,,,,,,
en.learnsearch.noResults,No results found,,,,,,
en.learnsearch.removeFilters,Try removing the filters or search using different keywords,,,,,,
en.searchfilters.filterSearch,Filter search,,,,,,
en.searchfilters.contentType,Content Type,,,,,,
en.searchfilters.program,Program,,,,,,
en.searchfilters.course,Course,,,,,,
en.searchfilters.learningResource,Learning Resource,,,,,,
en.searchfilters.standaloneAssessment,Standalone Assessment,,,,,,
en.searchfilters.moderatedCourses,Moderated Courses,,,,,,
en.searchfilters.blendedProgram,Blended Program,,,,,,
en.searchfilters.curatedProgram,Curated Program,,,,,,
en.utilslogout.logoutNow,Logout Now,,,,,,
en.utilslogout.logoutNote,Note: On logging out all the downloaded content will be deleted.,,,,,,
en.utilslogout.logoutConfirm,Are you sure?,,,,,,
en.utilslogout.logoutYes,Yes,,,,,,
en.utilslogout.logoutNo,No,,,,,,
en.tour.getStarted,Get started,,,,,,
en.tour.welcomeNote,Namaste! Welcome to the journey of anytime anywhere learning.,,,,,,
en.tour.whatIsiGOTKarmayogi,What is iGOT Karmayogi?,,,,,,
en.tour.takeTour,Take a tour,,,,,,
en.tour.skip,Skip,,,,,,
en.tour.next,Next,,,,,,
en.tour.previous,Previous,,,,,,
en.tour.finish,Finish,,,,,,
en.tour.startNow,You are all set to start your learning journey.,,,,,,
en.tour.congrats,Congratulations!,,,,,,
en.tour.stepLearn,Learn,,,,,,
en.tour.learnContnet,"Drive your career forward through appropriate courses, programs and assessments.",,,,,,
en.tour.stepDiscuss,Discuss,,,,,,
en.tour.discussContent,Discuss new ideas with colleagues and experts in the government.,,,,,,
en.tour.stepSearch,Search,,,,,,
en.tour.searchContent,Find the perfect course and program tailor-made for you.,,,,,,
en.tour.stepMyProfile,My Profile,,,,,,
en.tour.myProfileContent,Update your information to get the best-suited courses and programs.,,,,,,
en.tourvideo.whatIsiGOTKarmayogi,What is iGOT Karmayogi?,,,,,,
en.tourvideo.skip,Skip,,,,,,
en.tourvideo.next,Next,,,,,,
en.termsandcondition.termsOfService,Terms of Service,,,,,,
en.termsandcondition.p1,"Any visitor  who accesses or establishes a connection ('User') to the iGOT Karmayogi Platform  located at 2nd Floor, NDCC-II Building, Near CP, Opposite to Jantar Mantar, Delhi 110001or any services, including mobile applications provided in connection with this website (collectively 'the Platform'), which are currently owned and managed by Karmayogi Bharat, shall read, understand and agree to following terms and conditions of use.",,,,,,
en.termsandcondition.p2,"If the User has registered for or on behalf of an entity or visits the Platform on behalf of an entity, it is deemed that the User has accepted the following terms and conditions and other policies of the Platform on behalf of that entity.",,,,,,
en.termsandcondition.p3,"Whereas, the Platform provides training information, material and content; and WHEREAS, the User is keen to know, use, operate and learn from the training information, material, and content made available on the Platform; and WHERAS, the Platform and the User acknowledge that the training information, material, and content on the Platform is made available by various entities, including government departments, and private entities such as schools, institutes, teaching professionals, business entities (collectively “the Service Providers”) and that the Platform is used for aggregation of all the information, material, and content at one place for the convenience of the User; and",,,,,,
en.termsandcondition.p4,"Whereas, the user agrees that by using the platform user represent that user is at least 18 years old and that user is legally competent and therefore, with the intention to be bound legally, it is hereby agreed and understood by the user that:",,,,,,
en.termsandcondition.p5,"In order to constitute as an authorized user of the Platform, the User agrees to abide by all the terms and conditions mentioned herein. User is solely responsible for availing the trainings on the Platform and/or for using the service provided by Service Providers and shall ensure that such use complies fully with the provisions mentioned herein.",,,,,,
en.termsandcondition.p6,The Platform respects the privacy of the User and permits the User to control the treatment of their personal information. A complete statement of the current privacy policy pertaining to the Platform can be found by clicking,,,,,,
en.termsandcondition.p7,here,,,,,,
en.termsandcondition.p8,and User agrees to abide by the same.,,,,,,
en.termsandcondition.p9,"The Platform reserves the right, in its sole discretion, to amend, alter, add, delete any or all of the provisions of these terms and conditions at any time. Any changes will be notified to the User by posting them on the Platform or through other reasonable means of providing notice. Any changes to the present terms and conditions will be effective immediately upon notice to User. Use of the Platform by the User after a notice of changes has been published will be deemed as acceptance of the changes by the User.",,,,,,
en.termsandcondition.p10,"It is stated that any aspect, content, or feature of the trainings and/or services on the Platform, as well as any aspect pertaining to the use of the Platform may be changed, limited, or discontinued at any time.",,,,,,
en.termsandcondition.p11,"If the user does not agree to the present terms and conditions or is not satisfied with the platform, the user should discontinue the use of the platform and shall write their query to the contact details mentioned below",,,,,,
en.termsandcondition.p12,"The Platform is protected by copyright, trademark, and other applicable intellectual property and proprietary rights laws and is owned, controlled, and/or licensed by the Platform manager or respective Service Providers. The iGOT Karmayogi logo is a trademark of Karmayogi Bharat. All other trademarks appearing on the Platform are the property of their respective owners/ Service Providers and any use of any such logo or mark without prior written permission of the owner shall attract relevant legal ramifications.",,,,,,
en.termsandcondition.p13,"User will make no other use of the content without the express written permission of the Platform, the copyright owner or its authorized agent. User will not modify, publish, distribute, transmit, participate in the transfer or sale, create derivative works, or in any way exploit, commercially or otherwise, any of the content, in whole or in part, found on the Platform that was not expressly created by User itself. User agrees that User do not acquire any ownership rights in the Platform or over any downloaded content. User further agrees that all rights in the Platform and any of the content found on the Platform not expressly granted to User is expressly reserved to the owner and/or its licensors/ authorized Service Providers.",,,,,,
en.termsandcondition.p14,"User will use the Platform and any content, material, or information found on the Platform solely for lawful purposes. User shall not upload to, distribute to, or otherwise disseminate through the Platform any material or information of any kind that is defamatory, abusive, obscene, or otherwise violates any law or infringes or violates any rights of any other person or entity, or contains a solicitation of funds, advertising, or a solicitation for goods or services.",,,,,,
en.termsandcondition.p15,Other User Responsibilities:,,,,,,
en.termsandcondition.p16,A User must,,,,,,
en.termsandcondition.p17,Be a natural person to access or seek to access the Platform and its Services;,,,,,,
en.termsandcondition.p18,"Not permit any other person to use the User's username and password; keep the User’s account username, password, at all times and not disclose password to anyone else;",,,,,,
en.termsandcondition.p19,Not access or link to or seek to access or link to (either directly or indirectly) any other User’s 's Platform account;,,,,,,
en.termsandcondition.p20,Report the HelpDesk immediately if the User suspects that the security of his/her account may have been compromised e.g.: password or username has been lost or stolen. Contact Platform using the details at Contact Us;,,,,,,
en.termsandcondition.p21,Ensure personal and profile details are accurate and kept up to date with the Platform;,,,,,,
en.termsandcondition.p22,"Understand that the User is solely responsible for any use of the account using his/her username and password, whether or not such use has been authorized by the User",,,,,,
en.termsandcondition.p23,"Unless stated otherwise, Karmayogi Bharat or the Platform do not claim ownership of the content a Service Provider publishes on the Platform. After publishing of the content, the Service Provider shall continue to retain all ownership to the content, subject to the license terms described.",,,,,,
en.termsandcondition.p24,"It is warranted that any material or information that is available on the Platform, including, for example, any training material, exam or assessment questions, documents, presentation or related content, is lawful content of the Service Providers and that the Platform and the Service Provider have all necessary rights to create, use, modify, and publish the material or information or training. User will be liable for any damage resulting from User making any material or information available through the Platform to non-authorized Users.",,,,,,
en.termsandcondition.p25,"Though all efforts have been made to ensure the accuracy and currency of the content on the Platform, the same should not be construed as a statement of law or used for any legal purposes. In case of any ambiguity or doubts, Users are advised to verify/check with the concerned Ministry/Department/Organization and/or other source(s), and to obtain appropriate professional advice.",,,,,,
en.termsandcondition.p26,Hyperlinking Policy:,,,,,,
en.termsandcondition.p27,Links to external websites/portals,,,,,,
en.termsandcondition.p28,"At many places on the Platform, the User shall find links to other websites/portals. These links have been placed for the convenience of the User. The Platform is not responsible for the contents of the linked websites and does not necessarily endorse the views expressed in them. Mere presence of the link or its listing on the Platform should not be assumed as endorsement of any kind. The Platform cannot guarantee that these links will work all the time and have no control over availability of linked destinations.",,,,,,
en.termsandcondition.p29,Links to the Platform by other websites/portals,,,,,,
en.termsandcondition.p30,"The User shall be free link the information on the Platform to other websites. However, the Platform needs to be informed about any links provided to it so that User can be informed of any changes or updates therein. Also, the Platform does not permit its pages to be loaded into frames on any other website. The pages belonging to the Platform must load into a newly opened browser window of the User.",,,,,,
en.termsandcondition.p31,"The Content on the Platform is for the use by the Users only and not for commercial exploitation. A User may not decompile, reverse engineer, disassemble, rent, lease, loan, sell, sublicense, or create derivative works from the Platform. Nor may User use any network monitoring or discovery software to determine the site architecture, or extract information about usage, individual identities or users. A User will not use any robot, spider, other automatic software or device, or manual process to monitor or copy the Platform without the Platform’s prior written permission. A User will not copy, modify, reproduce, republish, distribute, display, or transmit for commercial, non-profit or public purposes all or any portion of the Platform, except to the extent permitted by the copyright policy of this terms of use. Any unauthorized use of the Platform is prohibited. The use of any software (e.g. bots, scraper tools) or other automatic devices to access, monitor or copy the Platform is prohibited unless expressly authorized by the Platform in writing",,,,,,
en.termsandcondition.p32,"The Platform and its managers have no obligation to, and do not and cannot review every item of material or information that Service Provider make available through the Platform and are not responsible for any content of this material or information. However, the Platform reserves the right to delete, move, or edit any material or information that it deems, in its sole discretion, unacceptable, defamatory, abusive, or otherwise in violation of any law or that infringes or violates any rights of any other person or entity. Further, the Platform reserves the right, at all times, to disclose any material or information as necessary to satisfy any law, regulation, or governmental request.",,,,,,
en.termsandcondition.p33,"User expressly agrees that use of the Service and the Platform is at the sole risk of the User. Neither the Platform nor any of its managers, employees, agents, distributors, third party content providers, or licensors (and their respective directors, officers, employees, and agents) warrant that the service or the Platform will be compatible on all devices or operating systems, uninterrupted or error free or that they will be free of viruses or other harmful components nor do they make any warranty as to the results that may be obtained from the use of the Platform or as to the accuracy, reliability, completeness, or contents of any content, information, material, postings, or posting responses found on the Platform, or any services provided through the Platform, or any links to other sites or services made available on the Platform.",,,,,,
en.termsandcondition.p34,"The courses, trainings, all content, material, information, found on the platform, are provided on an 'as is' basis without warranties of any kind, either expressed or implied. To the maximum extent permitted by law, the Platform makes no representations or warranties about the validity, accuracy, correctness, reliability, quality, stability, completeness or correctness of any information provided on or through the Platform or on any of the external links that are made available on the Platform. The Platform makes no representation that the services or training providing over the Platform would guarantee any promotions, advancements, raise, etc., professionally or academically.",,,,,,
en.termsandcondition.p35,"Notwithstanding anything in the terms and conditions to the contrary, under no circumstances, including, but not limited to negligence, the Platform or its managers, any of its affiliates, assignees, successors-in-interest, employees, agents, distributors, third party content providers, partners, licensees, licensors, or sponsors or any of their respective directors, officers, employees, agents and independent contractors be liable for any direct, indirect, incidental, special or consequential damages, losses or expenses arising out of or relating to the use of, the misuse of, or the inability to use, any content, information, material, modules, features, links or other elements on the Platform or any failure of performance, error, omission, interruption, inconvenience, unauthorized access, defect, incorrect sequencing, delay in operation or transmission, virus, configuration or compatibility problem, or line or system failure. These limitations apply regardless of whether the party liable or allegedly liable was advised, had other reason to know, or in fact knew of the possibility of such damages, losses or expenses. User specifically acknowledge and agree that the Platform and/or any of its officers will not be liable for any defamatory, offensive or illegal conduct of any User.",,,,,,
en.termsandcondition.p36,"To the maximum extent permitted by applicable law, User will defend, indemnify and hold harmless the Platform and any of its managers, parts, subsidiaries, affiliates, employees, agents, distributors, third party content providers, or licensors (and their respective directors, officers, employees, and agents)) from and against all claims, liability, and expenses, including attorneys' fees and legal fees and costs, arising out of use of the Platform and/or breach of any provision of the terms and conditions. The Platform reserves the right, in its sole discretion and at its own expense, to assume the exclusive defense and control of any matter otherwise subject to indemnification by User. User will cooperate as fully as reasonably required in the defense of any claim.",,,,,,
en.termsandcondition.p37,"Any submissions made on the Platform by the User for assessment or for any other purpose, shall be the sole responsibility of the User and the User shall ensure that all submissions made on the Platform are compliant with the current terms and conditions. The Platform does not and cannot verify the contents of the submissions by each User and disclaims any liability from any harm, damage, injury, insult, etc., caused by the submission made by the User. In accordance with the Privacy Policy of the Platform and subject to the restrictions mentioned therein, the Platform shall be free to use any information, data, submissions, made by the User.",,,,,,
en.termsandcondition.p38,"The Platform may terminate the User's use of the Platform, or discontinue the service, at any time for breach of any of the terms and conditions and/or failure to pay for the training course or services. The Platform shall have the right, immediately upon notice, to terminate a User's use of the service in the event of any conduct by User is considered to be unacceptable, or in the event of any breach by the terms and conditions or if User is in violation of any applicable law.",,,,,,
en.termsandcondition.p39,"Any disputes arising out of use of the Platform and the present terms and conditions shall be governed exclusively by the applicable laws of India, irrespective of the location of the User, without giving effect to their conflict of laws principles. User expressly consent to the exclusive jurisdiction, and venue of the Courts of New Delhi, India.",,,,,,
en.termsandcondition.p40,"The Platform and the User acknowledge that other generally accepted standard terms and conditions and legal contractual obligations would apply wherever required and in case of any query or feedback for the Platform, User may use the feedback feature on the Platform or visit",,,,,,
en.termsandcondition.p41,https://karmayogibharat.gov.in/,,,,,,
en.termsandcondition.p42,Disclaimer for Content Published on Platform:,,,,,,
en.termsandcondition.p43,"All content published on Karmayogi platform is provided by various Ministries, Departments and other public and authorised private organisations. The concerned course publishers ensure the accuracy and currency of the content on this platform. Many courses provided by various departments relate to policies, rules, guidelines as applicable on the date of publication of the course.  All courses publishers strive to keep the most updated content, however the latest position of any law, rules, guidelines etc. may be accessed from the website of the concerned Ministries.",,,,,,
en.termsandcondition.p44,"In no event will the Government of India or Karmayogi Bharat SPV be liable for any expense, loss or damage including, without limitation, indirect or consequential loss or damage, or any expense, loss or damage whatsoever arising from use, or loss of use, of data, arising out of or in connection with the use of this platform. The platform makes no representations or warranties of any kind, express or implied, about the completeness, accuracy, reliability, suitability or availability of the published content. Links to other websites that have been included on this platform are provided for convenience only.",,,,,,
en.termsandcondition.p45,I Agree,,,,,,
en.profilehome.welcomeMsg,Welcome to the Portal,,,,,,
en.profilehome.prev,Previous: ,,,,,,
en.profilehome.autoSave,Your selections are automatically saved.,,,,,,
en.profilehome.done,Done,,,,,,
en.profilehome.next,Next: ,,,,,,
en.profilehome.welcomeDescription,Welcome to the Portal,,,,,,
en.profilehome.roleAndActivities,Role & Activities,,,,,,
en.profilehome.topics,Topics,,,,,,
en.profilehome.welcome,Welcome,,,,,,
en.profilehome.currentCompetencies,Current competencies,,,,,,
en.profilehome.desiredCompetencies,Desired competencies,,,,,,
en.profilehome.platformWalkthrough,Platform walkthrough,,,,,,
en.profilehome.roleAndActivitiesDescription,Enter all your roles and activities to complete your profile,,,,,,
en.profilehome.topicsDescription,Choose the topics of your interest,,,,,,
en.profilehome.currentCompetenciesDescription,Choose the 'current competencies' you are skilled with,,,,,,
en.profilehome.desiredCompetenciesDescription,Choose the competencies you desire to possess,,,,,,
en.profilehome.platformWalkthroughDescription,Watch the iGOT platform walkthrough,,,,,,
en.welcomeonboard.welcomeToiGOT,Welcome to iGOT,,,,,,
en.welcomeonboard.note,"Let us take you through a quick guided onboarding to understand your interests at work. Knowing you better helps us give you a more personalized experience on the platform. This way you discover relevant and useful learning content in the easiest way possible. And don’t worry, you can always update your interests later!",,,,,,
en.rolesandactivities.roleHeader,Please list down your roles & activities as part of your position,,,,,,
en.rolesandactivities.rolesDescription,"Feel free to enter details in your own words, to the best of your understanding. This information will help us tailor a more personalized experience and add more relevant content on the platform.",,,,,,
en.rolesandactivities.addRole,Add role,,,,,,
en.rolesandactivities.editRole,Edit role,,,,,,
en.rolesandactivities.whatIsRole,What is a role?,,,,,,
en.rolesandactivities.roleIsMandatory,Role is mandatory,,,,,,
en.rolesandactivities.typeRoleName,Type the role name,,,,,,
en.rolesandactivities.typeTheActivity,Type the activity and press enter,,,,,,
en.rolesandactivities.addActivitiesForRole,Add activities you perform as part of this role,,,,,,
en.rolesandactivities.whatIsActivity,What is an activity?,,,,,,
en.rolesandactivities.activityIsMandatory,Activity is mandatory,,,,,,
en.rolesandactivities.addActivities,Add activities,,,,,,
en.rolesandactivities.startAddingActivities,Start adding the activities.,,,,,,
en.rolesandactivities.addRoleandActivities,Add role and activities,,,,,,
en.rolesandactivities.updateRoleandActivities,Update  role and activities,,,,,,
en.rolesandactivities.confirmationNeeded,Confirmation Needed,,,,,,
en.rolesandactivities.delete,Delete,,,,,,
en.rolesandactivities.edit,Edit,,,,,,
en.rolesandactivities.confirmToDeleteRoles:,Do you want to delete the role and associated activities?,,,,,,
en.dialogconfirm.yes,Yes,,,,,,
en.dialogconfirm.no,NO,,,,,,
en.dialogbox.whatIsActivity?,What is an activity?,,,,,,
en.dialogbox.p1,Activities are a set of actions taken to contribute towards the various roles one performs within a position.,,,,,,
en.dialogbox.whyItIsImportant,Why is it important?,,,,,,
en.dialogbox.p2,"Activities speak directly to the execution capacity of an individual public official by providing details on the mandate of their position, and how it is distinguished from other positions in the government.",,,,,,
en.dialogbox.example,Example:,,,,,,
en.dialogbox.p3,Role: Ensures inclusion and accuracy of facts in vigilance related proposals,,,,,,
en.dialogbox.activities,Activities:,,,,,,
en.dialogbox.p4,"Checks the facts with regards to proposal keeping in mind existing rules, provisions, and legal precedents",,,,,,
en.dialogbox.p5,Supplies missing facts to a proposal if any information is missing,,,,,,
en.dialogbox.p6,Supports drafting of proposals,,,,,,
en.dialogbox.p7,Quotes previous precedents by referring to existing rules,,,,,,
en.dialogbox.whatIsRole,What is a role?,,,,,,
en.dialogbox.p8,Roles describe the overall objective of a group of activities and how they contribute to the position.,,,,,,
en.dialogbox.p9,"Roles help understand the mandate of a position. There could be similar positions across the government, but differentiated by the roles they form. Roles help articulate these distinctions by highlighting why the position exists and how it works towards larger organisational goals and priorities.",,,,,,
en.dialogbox.p10,Ensures inclusion and accuracy of facts in vigilance proposals.,,,,,,
en.dialogbox.p11,Coordinates and manages relationships with various stakeholders,,,,,,
en.dialogbox.p12,Manages grievance redressal mechanisms,,,,,,
en.dialogbox.whatAreCompetencies,What are competencies?,,,,,,
en.dialogbox.p13,"Competencies are a combination of attitudes, skills, and knowledge that enable an individual to perform a task or activity successfully in a given job and roles are the starting point for arriving at them.",,,,,,
en.dialogbox.p14,"There are three types of competencies: Behavioural, Functional and Domain",,,,,,
en.dialogbox.p15,Competencies help with: ,,,,,,
en.dialogbox.p16,Providing information on individual requirements from a role,,,,,,
en.dialogbox.p17,Identifying learning and development needs for government officials,,,,,,
en.dialogbox.p18,Streamlining the recruitment process,,,,,,
en.dialogbox.p19,Competency Label: Noting and Drafting,,,,,,
en.dialogbox.p20,Competency Type: Functional,,,,,,
en.dialogbox.p21,"Description: Drafts and analyses a note, in order, in order to move a proposal for ",,,,,,
en.dialogbox.p22,decision making on the availability of evidence and existing rules and precedents.,,,,,,
en.dialogbox.p23,Competency Label: Communication Skills,,,,,,
en.dialogbox.p24,Competency Type: Behavioural,,,,,,
en.dialogbox.p25,"Description: Articulates information to others in a language that is clear, concise, and  easy to understand. It also includes the ability to listen and understand the unspoken feelings and concerns of others. ",,,,,,
en.dialogbox.p26,Competency Label: Regulatory and Legal Advisory ,,,,,,
en.dialogbox.p27,Competency Type: Domain,,,,,,
en.dialogbox.p28,Description: Provides advice to business and management stakeholders on regulatory compliance and legal matters related to support business decision making ,,,,,,
en.apptopic.topicHeader,Add topic,,,,,,
en.apptopic.noTopicfound,Not finding a topic of your interest?,,,,,,
en.addtopicdialog.topicHeader,Create the topic,,,,,,
en.addtopicdialog.typeHere,Type here,,,,,,
en.addtopicdialog.add,Add,,,,,,
en.addtopicdialog.cancel,Cancel,,,,,,
en.topiccard.seeLess,SEE LESS,,,,,,
en.topiccard.see,SEE,,,,,,
en.topiccard.moreTopics,MORE TOPICS,,,,,,
en.currentcompetencies.header,Select competencies you're skilled with,,,,,,
en.currentcompetencies.whatAreCompetencies,What are competencies?,,,,,,
en.currentcompetencies.description,Feel free to select the competency and level that you feel match your current skills. This does not need to be exact. This information helps us give you a more personalized experience and provide even more relevant content.,,,,,,
en.currentcompetencies.searchHere,Search here,,,,,,
en.currentcompetencycard.selectLevel,Select level,,,,,,
en.desiredcompetencies.header,Select competencies you want to possess,,,,,,
en.desiredcompetencies.whatAreCompetencies,What are competencies?,,,,,,
en.desiredcompetencies.description,Feel free to select competencies that you feel will help you improve and deliver better at your workplace. This does not need to be exact. This information helps us give you a more personalized experience and provide even more relevant content.,,,,,,
en.desiredcompetencies.searchHere,Search here,,,,,,
en.desiredcomptencycard.selectLevel,Select level,,,,,,
en_RainDashboard.common.noDataFound,No data found,,,,,,
en_RainDashboard.filternavigation.backToOverview,Back to overview,,,,,,
en_RainDashboard.filternavigation.search,Search,,,,,,
en_RainDashboard.filternavigation.period,Period,,,,,,
en_RainDashboard.filternavigation.presets,Presets,,,,,,
en_RainDashboard.filternavigation.custom,Custom,,,,,,
en_RainDashboard.filternavigation.last7days,Last 7 days,,,,,,
en_RainDashboard.filternavigation.last30days,Last 30 days,,,,,,
en_RainDashboard.filternavigation.last3months,Last 3 months,,,,,,
en_RainDashboard.filternavigation.last6months,Last 6 months,,,,,,
en_RainDashboard.filternavigation.all,All,,,,,,
en_RainDashboard.messagecard.dismiss,Dismiss,,,,,,
en_SurveyLibrary.common.labelQuestions,Questions,,,,,,
en_SurveyLibrary.common.btnSubmit,Submit,,,,,,
en_SurveyLibrary.common.Reset,Reset,,,,,,
en_SurveyLibrary.common.characterRemaining:,Character remaining:,,,,,,
en_SurveyLibrary.msg.thankYouFeedback,Thank you for your valuable feedback,,,,,,
en_SurveyLibrary.msg.commentQuestion,This question is not answered,,,,,,
